time,sp,sensor,sensor filtered,e,p,i,d,control signal
time,sp,sensor,sensor filtered,e,p,i,d,control signal
13:19:16,1104.0,0,0.0,1104.0,136.67520000000002,0.0,0.0,0
13:19:16,1104.0,0,0.0,1104.0,136.67520000000002,0.0,0.0,136.67520000000002
13:19:16,1104.0,0,0.0,1104.0,136.67520000000002,0.0,0.0,136.67520000000002
13:19:16,1104.0,0,0.0,1104.0,136.67520000000002,0.0,0.0,136.67520000000002
13:19:17,1104.0,0,0.0,1104.0,136.67520000000002,0.0,0.0,136.67520000000002
13:19:17,1104.0,0,0.0,1104.0,136.67520000000002,0.0,0.0,136.67520000000002
13:19:17,1104.0,0,0.0,1104.0,136.67520000000002,0.0,0.0,136.67520000000002
13:19:17,1104.0,0,0.0,1104.0,136.67520000000002,0.0,0.0,136.67520000000002
13:19:17,1104.0,0,0.0,1104.0,136.67520000000002,0.0,0.0,136.67520000000002
13:19:17,1104.0,0,0.0,1104.0,136.67520000000002,0.0,0.0,136.67520000000002
13:19:17,1104.0,0,0.0,1104.0,136.67520000000002,0.0,0.0,136.67520000000002
13:19:17,1104.0,0,0.0,1104.0,136.67520000000002,0.0,0.0,136.67520000000002
13:19:17,1104.0,0,0.0,1104.0,136.67520000000002,0.0,0.0,136.67520000000002
13:19:18,1104.0,0,0.0,1104.0,136.67520000000002,0.0,0.0,136.67520000000002
13:19:18,1104.0,0,0.0,1104.0,136.67520000000002,0.0,0.0,136.67520000000002
13:19:18,1104.0,0,0.0,1104.0,138.11040000000003,0.0,0.0,136.67520000000002
13:19:18,1104.0,0,0.0,1104.0,152.2416,0.0,0.0,138.11040000000003
13:19:18,1104.0,0,0.0,1104.0,186.024,0.0,0.0,152.2416
13:19:18,1104.0,0,0.0,1104.0,194.5248,0.0,0.0,186.024
13:19:18,1104.0,0,0.0,1104.0,201.59040000000002,0.0,0.0,194.5248
13:19:18,1104.0,0,0.0,1104.0,202.91520000000003,0.0,0.0,201.59040000000002
13:19:18,1104.0,0,0.0,1104.0,202.91520000000003,0.0,0.0,202.91520000000003
13:19:19,1104.0,0,0.0,1104.0,202.91520000000003,0.0,0.0,202.91520000000003
13:19:19,1104.0,0,0.0,1104.0,202.91520000000003,0.0,0.0,202.91520000000003
13:19:19,1104.0,0,0.0,1104.0,202.91520000000003,0.0,0.0,202.91520000000003
13:19:19,1104.0,0,0.0,1104.0,202.91520000000003,0.0,0.0,202.91520000000003
13:19:19,1104.0,0,0.0,1104.0,207.2208,0.0,0.0,202.91520000000003
13:19:19,1104.0,0,0.0,1104.0,276.22080000000005,0.0,0.0,207.2208
13:19:19,1104.0,0,0.0,1104.0,284.7216,0.0,0.0,255.0
13:19:19,1104.0,0,0.0,1104.0,291.78720000000004,0.0,0.0,255.0
13:19:19,1104.0,0,0.0,1104.0,291.78720000000004,0.0,0.0,255.0
13:19:20,1104.0,0,0.0,1104.0,291.78720000000004,0.0,0.0,255.0
13:19:20,1104.0,0,0.0,1104.0,291.78720000000004,0.0,0.0,255.0
13:19:20,1104.0,0,0.0,1104.0,291.78720000000004,0.0,0.0,255.0
13:19:20,1104.0,0,0.0,1104.0,291.78720000000004,0.0,0.0,255.0
13:19:20,1104.0,0,0.0,1104.0,291.78720000000004,0.0,0.0,255.0
13:19:20,1104.0,0,0.0,1104.0,291.78720000000004,0.0,0.0,255.0
13:19:20,1104.0,0,0.0,1104.0,291.78720000000004,0.0,0.0,255.0
13:19:20,1104.0,0,0.0,1104.0,291.78720000000004,0.0,0.0,255.0
13:19:20,1104.0,0,0.0,1104.0,291.78720000000004,0.0,0.0,255.0
13:19:21,1104.0,0,0.0,1104.0,291.78720000000004,0.0,0.0,255.0
13:19:21,1104.0,0,0.0,1104.0,291.78720000000004,0.0,0.0,255.0
13:19:21,1104.0,0,0.0,1104.0,291.78720000000004,0.0,0.0,255.0
13:19:21,1104.0,0,0.0,1104.0,291.78720000000004,0.0,0.0,255.0
13:19:21,1104.0,0,0.0,1104.0,291.78720000000004,0.0,0.0,255.0
13:19:21,1104.0,0,0.0,1104.0,291.78720000000004,0.0,0.0,255.0
13:19:21,1104.0,0,0.0,1104.0,291.78720000000004,0.0,0.0,255.0
13:19:21,1104.0,0,0.0,1104.0,291.78720000000004,0.0,0.0,255.0
13:19:21,1104.0,0,0.0,1104.0,291.78720000000004,0.0,0.0,255.0
13:19:22,1104.0,0,0.0,1104.0,291.78720000000004,0.0,0.0,255.0
13:19:22,1104.0,0,0.0,1104.0,291.78720000000004,0.0,0.0,255.0
13:19:22,1104.0,0,0.0,1104.0,294.54720000000003,0.0,0.0,255.0
13:19:22,1104.0,0,0.0,1104.0,294.54720000000003,0.0,0.0,255.0
13:19:22,1104.0,0,0.0,1104.0,331.2,0.0,0.0,255.0
13:19:22,1104.0,0,0.0,1104.0,331.2,0.0,0.0,255.0
13:19:22,1104.0,0,0.0,1104.0,331.2,0.0,0.0,255.0
13:19:22,1104.0,0,0.0,1104.0,331.2,0.0,0.0,255.0
13:19:22,1104.0,0,0.0,1104.0,331.2,0.0,0.0,255.0
13:19:23,1104.0,0,0.0,1104.0,331.2,0.0,0.0,255.0
13:19:23,1104.0,0,0.0,1104.0,331.2,0.0,0.0,255.0
13:19:23,1104.0,0,0.0,1104.0,331.2,0.0,0.0,255.0
13:19:23,1104.0,0,0.0,1104.0,331.2,0.0,0.0,255.0
13:19:23,1104.0,0,0.0,1104.0,331.2,0.0,0.0,255.0
13:19:23,1104.0,0,0.0,1104.0,331.2,0.0,0.0,255.0
13:19:23,1104.0,0,0.0,1104.0,321.37440000000004,0.0,0.0,255.0
13:19:23,1104.0,0,0.0,1104.0,319.9392,0.0,0.0,255.0
13:19:23,1104.0,0,0.0,1104.0,159.30720000000002,0.0,0.0,255.0
13:19:23,1104.0,0,0.0,1104.0,142.30560000000003,0.0,0.0,159.30720000000002
13:19:24,1104.0,0,0.0,1104.0,114.15360000000001,0.0,0.0,142.30560000000003
13:19:24,1104.0,0,0.0,1104.0,88.7616,0.0,0.0,114.15360000000001
13:19:24,1104.0,0,0.0,1104.0,77.5008,0.0,0.0,88.7616
13:19:24,1104.0,0,0.0,1104.0,73.3056,0.0,0.0,77.5008
13:19:24,1104.0,0,0.0,1104.0,73.3056,0.0,0.0,73.3056
13:19:24,1104.0,0,0.0,1104.0,73.3056,0.0,0.0,73.3056
13:19:24,1104.0,0,0.0,1104.0,73.3056,0.0,0.0,73.3056
13:19:24,1104.0,0,0.0,1104.0,73.3056,0.0,0.0,73.3056
13:19:24,1104.0,0,0.0,1104.0,56.4144,0.0,0.0,73.3056
13:19:25,1104.0,0,0.0,1104.0,25.392,0.0,0.0,56.4144
13:19:25,1104.0,0,0.0,1104.0,18.3264,0.0,0.0,25.392
13:19:25,1104.0,0,0.0,1104.0,0.0,0.0,0.0,18.3264
13:19:25,1104.0,0,0.0,1104.0,0.0,0.0,0.0,0.0
13:19:25,1104.0,0,0.0,1104.0,0.0,0.0,0.0,0.0
13:19:25,1104.0,0,0.0,1104.0,0.0,0.0,0.0,0.0
13:19:25,1104.0,0,0.0,1104.0,0.0,0.0,0.0,0.0
13:19:25,1104.0,0,0.0,1104.0,0.0,0.0,0.0,0.0
13:19:25,1104.0,0,0.0,1104.0,0.0,0.0,0.0,0.0
13:19:26,1104.0,0,0.0,1104.0,0.0,0.0,0.0,0.0
13:19:26,1104.0,0,0.0,1104.0,0.0,0.0,0.0,0.0
13:19:26,1104.0,0,0.0,1104.0,0.0,0.0,0.0,0.0
13:19:26,1104.0,0,0.0,1104.0,0.0,0.0,0.0,0.0
13:19:26,1104.0,0,0.0,1104.0,0.0,0.0,0.0,0.0
13:19:26,1104.0,0,0.0,1104.0,0.0,0.0,0.0,0.0
13:19:26,1104.0,0,0.0,1104.0,0.0,0.0,0.0,0.0
13:19:26,1104.0,0,0.0,1104.0,0.0,0.0,0.0,0.0
13:19:26,1104.0,0,0.0,1104.0,0.0,0.0,0.0,0.0
13:19:27,1104.0,0,0.0,1104.0,0.0,0.0,0.0,0.0
13:19:27,1104.0,0,0.0,1104.0,0.0,0.0,0.0,0.0
13:19:27,1104.0,0,0.0,1104.0,38.088,0.0,0.0,0.0
13:19:27,1104.0,0,0.0,1104.0,38.088,0.0,0.0,38.088
13:19:27,1104.0,0,0.0,1104.0,38.088,0.0,0.0,38.088
13:19:27,1104.0,0,0.0,1104.0,38.088,0.0,0.0,38.088
13:19:27,1104.0,0,0.0,1104.0,38.088,0.0,0.0,38.088
13:19:27,1104.0,0,0.0,1104.0,38.088,0.0,0.0,38.088
13:19:27,1104.0,0,0.0,1104.0,38.088,0.0,0.0,38.088
13:19:28,1104.0,0,0.0,1104.0,38.088,0.0,0.0,38.088
13:19:28,1104.0,0,0.0,1104.0,38.088,0.0,0.0,38.088
13:19:28,1104.0,0,0.0,1104.0,38.088,0.0,0.0,38.088
13:19:28,1104.0,0,0.0,1104.0,19.761599999999998,0.0,0.0,38.088
13:19:28,1104.0,0,0.0,1104.0,2.8704000000000005,0.0,0.0,19.761599999999998
13:19:28,1104.0,0,0.0,1104.0,0.0,0.0,0.0,2.8704000000000005
13:19:28,1104.0,0,0.0,1104.0,0.0,0.0,0.0,0.0
13:19:28,1104.0,0,0.0,1104.0,0.0,0.0,0.0,0.0
13:19:28,1104.0,0,0.0,1104.0,0.0,0.0,0.0,0.0
13:19:29,1104.0,0,0.0,1104.0,0.0,0.0,0.0,0.0
13:19:29,1104.0,0,0.0,1104.0,0.0,0.0,0.0,0.0
13:19:29,1104.0,0,0.0,1104.0,0.0,0.0,0.0,0.0
13:19:29,1104.0,0,0.0,1104.0,0.0,0.0,0.0,0.0
13:19:29,1104.0,0,0.0,1104.0,0.0,0.0,0.0,0.0
13:19:29,1104.0,0,0.0,1104.0,0.0,0.0,0.0,0.0
13:19:29,1104.0,0,0.0,1104.0,0.0,0.0,0.0,0.0
13:19:29,1104.0,0,0.0,1104.0,0.0,0.0,0.0,0.0
13:19:29,1104.0,0,0.0,1104.0,0.0,0.0,0.0,0.0
13:19:30,1104.0,0,0.0,1104.0,0.0,0.0,0.0,0.0
time,sp,sensor,sensor filtered,e,p,i,d,control signal
18:34:38,1366.0,0.0,0.0,1366.0,209.2712,8.25,0.0,0
18:34:38,1366.0,0.0,0.0,1366.0,209.2712,17.0,0.0,217.5212
18:34:38,1366.0,0.0,0.0,1366.0,209.2712,25.25,0.0,226.2712
18:34:39,1366.0,0.0,0.0,1366.0,209.2712,34.9,0.0,234.5212
18:34:39,1366.0,0.0,0.0,1366.0,209.2712,43.07,0.0,244.1712
18:34:39,1366.0,0.0,0.0,1366.0,209.2712,52.64,0.0,252.3412
18:34:39,1366.0,0.0,0.0,1366.0,209.2712,61.3,0.0,261.9112
18:34:39,1366.0,0.0,0.0,1366.0,209.2712,70.54,0.0,270.5712
18:34:39,1366.0,240.0,23.999999999999993,1342.0,205.5944,79.94,-5.98,279.8112
18:34:39,1366.0,240.0,45.59999999999999,1320.4,202.28528000000003,87.92,-6.24,279.5544
18:34:39,1366.0,240.0,65.03999999999999,1300.96,199.307072,97.04,-4.84,283.96528
18:34:39,1366.0,240.0,82.53599999999999,1283.464,196.6266848,103.78,-5.81,291.50707200000005
18:34:40,1366.0,240.0,98.2824,1267.7176,194.21433632,112.59,-3.96,294.5966848
18:34:40,1366.0,1200.0,208.45415999999997,1157.54584,177.336022688,120.7,-27.45,302.84433632
18:34:40,1366.0,1200.0,307.60874399999994,1058.391256,162.14554041920002,126.96,-29.24,270.586022688
18:34:40,1366.0,1200.0,396.84786959999997,969.1521304,148.47410637728,132.93,-25.28,259.8655404192
18:34:40,1366.0,1200.0,477.16308263999997,888.83691736,136.169815739552,139.0,-20.54,256.12410637728
18:34:40,1366.0,1920.0,621.4467743759999,744.5532256240001,114.06555416559682,144.26,-35.64,254.62981573955201
18:34:40,1366.0,1920.0,751.3020969383999,614.6979030616001,94.17171874903713,147.94,-37.91,222.68555416559684
18:34:40,1366.0,1920.0,868.1718872445599,497.8281127554401,76.26726687413343,151.43,-29.12,204.20171874903713
18:34:40,1366.0,1920.0,973.354698520104,392.64530147989603,60.153260186720075,153.8,-30.4,198.57726687413344
18:34:40,1366.0,1920.0,1068.0192286680935,297.98077133190645,45.65065416804807,155.91,-23.38,183.55326018672008
18:34:41,1366.0,2040.0,1165.217305801284,200.78269419871594,30.759908751243284,157.15,-27.54,178.18065416804808
18:34:41,1366.0,2040.0,1252.6955752211557,113.30442477884435,17.358237876118956,157.92,-22.37,160.3699087512433
18:34:41,1366.0,2040.0,1331.4260176990401,34.57398230095987,5.296734088507052,158.16,-19.45,152.90823787611893
18:34:41,1366.0,2040.0,1402.2834159291363,-36.283415929136254,-5.5586193203436745,157.94,-20.68,144.00673408850707
18:34:41,1366.0,1680.0,1430.0550743362226,-64.05507433622256,-9.813237388309297,157.5,-7.04,131.70138067965632
18:34:41,1366.0,1680.0,1455.0495669026004,-89.04956690260042,-13.642393649478384,156.96,-7.22,140.64676261169072
18:34:41,1366.0,1680.0,1477.5446102123403,-111.54461021234033,-17.08863428453054,156.17,-5.56,136.09760635052163
18:34:41,1366.0,1680.0,1497.7901491911064,-131.79014919110637,-20.190250856077494,155.38,-5.91,133.52136571546944
18:34:41,1366.0,1680.0,1516.0111342719958,-150.01113427199584,-22.981705770469762,154.33,-4.54,129.27974914392252
18:34:42,1366.0,1440.0,1508.4100208447962,-142.41002084479624,-21.817215193422783,153.33,1.89,126.80829422953023
18:34:42,1366.0,1440.0,1501.5690187603166,-135.56901876031657,-20.7691736740805,152.52,2.0,133.40278480657722
18:34:42,1366.0,1440.0,1495.4121168842848,-129.41211688428484,-19.82593630667244,151.62,1.55,133.75082632591952
18:34:42,1366.0,1440.0,1489.8709051958565,-123.8709051958565,-18.977022676005216,150.87,1.6,133.34406369332757
18:34:42,1366.0,1080.0,1448.883814676271,-82.88381467627096,-12.697800408404712,150.28,10.12,133.49297732399478
18:34:42,1366.0,1080.0,1411.9954332086438,-45.99543320864382,-7.046500367564233,150.0,10.77,147.7021995915953
18:34:42,1366.0,1080.0,1378.7958898877794,-12.795889887779367,-1.960330330807799,149.91,8.42,153.7234996324358
18:34:42,1366.0,1080.0,1348.9163008990015,17.0836991009985,2.6172227022729704,150.01,8.55,156.36966966919218
18:34:42,1366.0,1080.0,1322.0246708091013,43.97532919089872,6.737020432045684,150.32,6.76,161.17722270227299
18:34:43,1366.0,960.0,1285.8222037281912,80.1777962718088,12.28323838884111,150.81,10.26,163.81702043204567
18:34:43,1366.0,960.0,1253.239983355372,112.76001664462797,17.274834549957006,151.58,8.33,173.3532383888411
18:34:43,1366.0,960.0,1223.9159850198348,142.0840149801652,21.76727109496131,152.47,8.15,177.18483454995703
18:34:43,1366.0,960.0,1197.5243865178513,168.47561348214867,25.810463985465177,153.62,6.75,182.3872710949613
18:34:43,1366.0,960.0,1173.7719478660663,192.22805213393372,29.449337586918645,154.96,5.97,186.18046398546517
18:34:43,1366.0,960.0,1152.3947530794596,213.60524692054037,32.72432382822679,156.25,6.18,190.37933758691864
18:34:43,1366.0,960.0,1133.1552777715137,232.84472222848626,35.671811445404096,157.88,4.79,195.15432382822678
18:34:43,1366.0,960.0,1115.8397499943624,250.16025000563764,38.324550300863685,159.41,4.95,198.3418114454041
18:34:43,1366.0,960.0,1100.255774994926,265.744225005074,40.712015270777336,161.24,3.95,202.68455030086366
18:34:44,1366.0,1200.0,1110.2301974954335,255.76980250456654,39.1839337436996,163.03,-2.49,205.90201527077733
18:34:44,1366.0,1200.0,1119.20717774589,246.79282225410998,37.80866036932965,164.52,-2.59,199.7239337436996
18:34:44,1366.0,1200.0,1127.286459971301,238.71354002869907,36.5709143323967,166.19,-2.01,199.73866036932966
18:34:44,1366.0,1200.0,1134.5578139741708,231.4421860258292,35.456942899157035,167.42,-2.39,200.7509143323967
18:34:44,1366.0,1200.0,1141.1020325767538,224.8979674232462,34.45436860924132,169.0,-1.63,200.48694289915704
18:34:44,1366.0,1440.0,1170.9918293190785,195.00817068092147,29.87525174831717,170.17,-8.73,201.82436860924133
18:34:44,1366.0,1440.0,1197.8926463871708,168.10735361282923,25.75404657348544,171.39,-6.48,191.31525174831717
18:34:44,1366.0,1440.0,1222.1033817484538,143.89661825154622,22.04496191613688,172.23,-7.21,190.66404657348542
18:34:44,1366.0,1440.0,1243.8930435736083,122.10695642639166,18.706785724523204,173.06,-5.57,187.06496191613687
18:34:45,1366.0,1440.0,1263.5037392162476,102.4962607837524,15.702427152070868,173.77,-4.93,186.1967857245232
18:34:45,1366.0,1440.0,1281.153365294623,84.84663470537703,12.998504436863762,174.28,-5.1,184.54242715207087
18:34:45,1366.0,1440.0,1297.0380287651608,68.96197123483921,10.564973993177368,174.77,-3.92,182.17850443686376
18:34:45,1366.0,1440.0,1311.3342258886448,54.66577411135518,8.374796593859614,175.1,-4.13,181.4149739931774
18:34:45,1366.0,1440.0,1324.2008032997803,41.79919670021968,6.4036369344736555,175.39,-3.21,179.3447965938596
18:34:45,1366.0,1320.0,1323.7807229698024,42.219277030197645,6.46799324102628,175.69,0.1,178.58363693447365
18:34:45,1366.0,1320.0,1323.4026506728221,42.59734932717788,6.525913916923652,175.94,0.11,182.25799324102627
18:34:45,1366.0,1320.0,1323.06238560554,42.93761439446007,6.578042525231282,176.24,0.09,182.57591391692367
18:34:45,1366.0,1320.0,1322.756147044986,43.24385295501406,6.624958272708154,176.5,0.09,182.9080425252313
18:34:46,1366.0,1320.0,1322.4805323404873,43.51946765951266,6.667182445437339,176.81,0.07,183.21495827270815
18:34:46,1366.0,1320.0,1322.2324791064386,43.76752089356137,6.705184200893601,177.07,0.07,183.54718244543733
18:34:46,1366.0,1320.0,1322.0092311957949,43.99076880420512,6.739385780804224,177.38,0.06,183.84518420089358
18:34:46,1366.0,1320.0,1321.8083080762153,44.191691923784674,6.770167202723812,177.65,0.06,184.1793857808042
18:34:46,1366.0,1320.0,1321.6274772685938,44.37252273140621,6.797870482451431,177.96,0.04,184.4801672027238
18:34:46,1366.0,1320.0,1321.4647295417344,44.535270458265586,6.822803434206288,178.23,0.05,184.79787048245143
18:34:46,1366.0,1320.0,1321.318256587561,44.68174341243889,6.8452430907856385,178.53,0.04,185.1028034342063
18:34:46,1366.0,1320.0,1321.186430928805,44.813569071194934,6.865438781707064,178.81,0.04,185.41524309078562
18:34:46,1366.0,1320.0,1321.0677878359245,44.93221216407551,6.883614903536368,179.12,0.03,185.71543878170706
18:34:47,1366.0,1320.0,1320.961009052332,45.038990947668026,6.8999734131827415,179.44,0.03,186.03361490353637
18:34:47,1366.0,1320.0,1320.8649081470987,45.13509185290127,6.9146960718644745,179.71,0.03,186.36997341318275
18:34:47,1366.0,1320.0,1320.778417332389,45.221582667611074,6.9279464646780164,180.02,0.02,186.6546960718645
18:34:47,1366.0,1320.0,1320.7005755991502,45.29942440084983,6.939871818210194,180.3,0.02,186.96794646467805
18:34:47,1366.0,1320.0,1320.630518039235,45.369481960764915,6.950604636389185,180.62,0.02,187.25987181821023
18:34:47,1366.0,1320.0,1320.5674662353117,45.43253376468829,6.960264172750246,180.94,0.02,187.5906046363892
18:34:47,1366.0,1320.0,1320.5107196117806,45.48928038821941,6.9689577554752145,181.21,0.02,187.92026417275025
18:34:47,1366.0,1320.0,1320.4596476506026,45.54035234939738,6.9767819799276785,181.53,0.01,188.19895775547522
18:34:47,1366.0,1320.0,1320.4136828855424,45.58631711445764,6.983823781934911,181.81,0.01,188.51678197992766
18:34:47,1366.0,1320.0,1320.3723145969882,45.62768540301181,6.99016140374141,182.13,0.01,188.8038237819349
18:34:48,1366.0,1320.0,1320.3350831372893,45.6649168627107,6.995865263367279,182.4,0.01,189.1301614037414
18:34:48,1366.0,1320.0,1320.3015748235605,45.698425176439514,7.0009987370305335,182.72,0.01,189.40586526336728
18:34:48,1366.0,1320.0,1320.2714173412044,45.72858265879563,7.0056188633274905,183.0,0.01,189.73099873703052
18:34:48,1366.0,1320.0,1320.2442756070839,45.755724392916136,7.009776976994752,183.32,0.01,190.0156188633275
18:34:48,1366.0,1200.0,1308.2198480463755,57.780151953624454,8.851919279295267,183.72,3.0,190.33977697699473
18:34:48,1366.0,1200.0,1297.397863241738,68.60213675826208,10.50984735136575,184.13,3.19,195.57191927929526
18:34:48,1366.0,1200.0,1287.6580769175641,78.34192308243587,12.001982616229176,184.68,2.41,197.82984735136574
18:34:48,1366.0,1200.0,1278.8922692258077,87.1077307741923,13.344904354606262,185.2,2.56,199.0919826162292
18:34:48,1366.0,1200.0,1271.003042303227,94.99695769677305,14.553533919145632,185.86,1.98,201.10490435460625
18:34:49,1366.0,1200.0,1263.9027380729042,102.09726192709581,15.64130052723108,186.48,2.05,202.39353391914563
18:34:49,1366.0,1200.0,1257.5124642656137,108.48753573438626,16.620290474507975,187.25,1.58,204.17130052723107
18:34:49,1366.0,1200.0,1251.7612178390525,114.2387821609475,17.501381427057158,188.04,1.45,205.450290474508
18:34:49,1366.0,1200.0,1246.5850960551472,119.41490394485277,18.294363284351444,188.77,1.48,206.99138142705715
18:34:49,1366.0,1200.0,1241.9265864496326,124.07341355036738,19.00804695591628,189.56,1.28,208.54436328435145
18:34:49,1366.0,1320.0,1249.7339278046693,116.26607219533071,17.811962260324666,190.34,-2.03,209.8480469559163
18:34:49,1366.0,1320.0,1256.7605350242025,109.23946497579755,16.735486034292183,191.11,-1.75,206.12196226032466
18:34:49,1366.0,1320.0,1263.0844815217822,102.91551847821779,15.766657430862965,192.14,-1.11,206.0954860342922
18:34:49,1366.0,1320.0,1268.776033369604,97.22396663039603,14.894711687776672,192.43,-3.29,206.79665743086295
18:34:50,1366.0,1440.0,1285.8984300326435,80.10156996735645,12.271560518999008,192.91,-5.0,204.03471168777668
18:34:50,1366.0,1440.0,1301.3085870293792,64.69141297062083,9.910724467099111,193.36,-3.84,200.181560518999
18:34:50,1366.0,1440.0,1315.1777283264412,50.82227167355882,7.78597202038921,193.72,-3.43,199.4307244670991
18:34:50,1366.0,1440.0,1327.659955493797,38.34004450620296,5.873694818350293,193.95,-3.64,198.0759720203892
18:34:50,1366.0,1440.0,1338.8939599444175,27.106040055582525,4.152645336515243,194.14,-2.8,196.1836948183503
18:34:50,1366.0,1560.0,1361.0045639499758,4.995436050024182,0.7653008028637047,194.17,-6.39,195.4926453365152
18:34:50,1366.0,1560.0,1380.9041075549783,-14.904107554978282,-2.283309277422673,194.06,-4.92,188.5453008028637
18:34:50,1366.0,1560.0,1398.8136967994806,-32.81369679948057,-5.027058349680423,193.86,-5.23,186.85669072257735
18:34:50,1366.0,1560.0,1414.9323271195326,-48.9323271195326,-7.496432514712395,193.52,-4.05,183.6029416503196
18:34:51,1366.0,1440.0,1417.4390944075794,-51.43909440757943,-7.880469263241169,193.16,-0.62,181.97356748528762
18:34:51,1366.0,1440.0,1419.6951849668214,-53.695184966821444,-8.226102336917045,192.84,-0.66,184.65953073675882
18:34:51,1366.0,1440.0,1421.7256664701392,-55.72566647013923,-8.53717210322533,192.45,-0.51,183.95389766308296
18:34:51,1366.0,1440.0,1423.5530998231254,-57.55309982312542,-8.817134892902814,192.1,-0.53,183.40282789677468
18:34:51,1366.0,1440.0,1425.197789840813,-59.1977898408129,-9.069101403612537,191.69,-0.41,182.75286510709716
18:34:51,1366.0,1440.0,1426.6780108567316,-60.67801085673159,-9.29587126325128,191.33,-0.43,182.21089859638747
18:34:51,1366.0,1440.0,1428.0102097710585,-62.0102097710585,-9.499964136926161,190.9,-0.33,181.60412873674872
18:34:51,1366.0,1440.0,1429.2091887939528,-63.20918879395276,-9.683647723233562,190.52,-0.35,181.07003586307383
18:34:51,1366.0,1440.0,1430.2882699145575,-64.28826991455753,-9.848962950910215,190.07,-0.27,180.48635227676644
18:34:52,1366.0,1440.0,1431.259442923102,-65.25944292310191,-9.997746655819213,189.67,-0.28,179.95103704908976
18:34:52,1366.0,1440.0,1432.1334986307918,-66.13349863079179,-10.131651990237303,189.21,-0.22,179.39225334418077
18:34:52,1366.0,1440.0,1432.9201487677126,-66.92014876771259,-10.252166791213568,188.74,-0.19,178.8583480097627
18:34:52,1366.0,1440.0,1433.6281338909414,-67.6281338909414,-10.360630112092222,188.34,-0.21,178.29783320878644
18:34:52,1366.0,1440.0,1434.2653205018473,-68.26532050184733,-10.45824710088301,187.87,-0.16,177.76936988790777
18:34:52,1366.0,1200.0,1410.8387884516626,-44.838788451662595,-6.86930239079471,187.6,6.77,177.251752899117
18:34:52,1366.0,1200.0,1389.7549096064963,-23.754909606496312,-3.639252151715235,187.43,5.21,187.5006976092053
18:34:52,1366.0,1200.0,1370.7794186458468,-4.7794186458468175,-0.7322069365437325,187.4,5.48,189.0007478482848
18:34:52,1366.0,1200.0,1353.7014767812623,12.298523218737728,1.88413375711062,187.49,4.25,192.14779306345628
18:34:53,1366.0,1200.0,1338.331329103136,27.668670896863887,4.238840381399547,187.66,4.31,193.62413375711063
18:34:53,1366.0,1320.0,1336.4981961928224,29.501803807177566,4.519676343259603,187.86,0.47,196.20884038139954
18:34:53,1366.0,1320.0,1334.8483765735402,31.151623426459764,4.772428708933636,188.06,0.45,192.8496763432596
18:34:53,1366.0,1320.0,1333.3635389161861,32.636461083813856,4.9999058380402825,188.27,0.4,193.28242870893362
18:34:53,1366.0,1320.0,1332.0271850245676,33.97281497543236,5.204635254236237,188.51,0.33,193.6699058380403
18:34:53,1366.0,1320.0,1330.824466522111,35.175533477889076,5.388891728812607,188.72,0.35,194.04463525423623
18:34:53,1366.0,1320.0,1329.7420198698999,36.25798013010012,5.554722555931339,188.97,0.27,194.4588917288126
18:34:53,1366.0,1320.0,1328.7678178829099,37.23218211709013,5.7039703003382085,189.23,0.24,194.79472255593134
18:34:53,1366.0,1320.0,1327.8910360946188,38.10896390538119,5.838293270304398,189.46,0.26,195.1739703003382
18:34:54,1366.0,1320.0,1327.101932485157,38.89806751484298,5.959183943273945,189.73,0.2,195.5582932703044
18:34:54,1366.0,1440.0,1338.3917392366413,27.608260763358658,4.229585548946546,189.9,-3.26,195.88918394327393
18:34:54,1366.0,1440.0,1348.5525653129773,17.447434687022678,2.672946994051874,190.02,-2.51,190.86958554894656
18:34:54,1366.0,1440.0,1357.6973087816796,8.302691218320433,1.2719722946466905,190.07,-2.67,190.1829469940519
18:34:54,1366.0,1440.0,1365.9275779035117,0.07242209648825337,0.011095065182000418,190.07,-2.07,188.6719722946467
18:34:54,1366.0,1440.0,1373.3348201131605,-7.334820113160504,-1.1236944413361891,190.03,-2.14,188.011095065182
18:34:54,1366.0,1440.0,1380.0013381018446,-14.001338101844567,-2.1450049972025877,189.93,-1.66,186.76630555866382
18:34:54,1366.0,1440.0,1386.00120429166,-20.001204291660088,-3.0641844974823256,189.81,-1.72,186.12499500279742
18:34:54,1366.0,1440.0,1391.401083862494,-25.401083862494033,-3.891446047734086,189.64,-1.38,185.02581550251767
18:34:54,1366.0,1440.0,1396.2609754762448,-30.260975476244766,-4.6359814429606985,189.43,-1.21,184.3685539522659
18:34:55,1366.0,1320.0,1388.6348779286204,-22.634877928620426,-3.4676632986646494,189.29,2.23,183.5840185570393
18:34:55,1366.0,1320.0,1381.7713901357583,-15.771390135758338,-2.4161769687981773,189.18,1.72,188.05233670133532
18:34:55,1366.0,1320.0,1375.5942511221826,-9.59425112218264,-1.4698392719183806,189.12,1.79,188.48382303120184
18:34:55,1366.0,1320.0,1370.0348260099645,-4.03482600996449,-0.61813534472656,189.09,1.37,189.44016072808162
18:34:55,1366.0,1320.0,1365.031343408968,0.9686565910319587,0.14839818974609606,189.1,1.46,189.84186465527344
18:34:55,1366.0,1200.0,1348.5282090680712,17.47179093192881,2.6766783707714934,189.22,4.15,190.7083981897461
18:34:55,1366.0,1200.0,1333.6753881612642,32.32461183873579,4.952130533694323,189.42,4.21,196.0466783707715
18:34:55,1366.0,1200.0,1320.3078493451378,45.69215065486219,7.000037480324887,189.73,3.39,198.5821305336943
18:34:55,1366.0,1200.0,1308.277064410624,57.72293558937599,8.843153732292402,190.13,3.0,200.12003748032487
18:34:56,1366.0,1320.0,1309.4493579695616,56.55064203043844,8.663558359063169,190.47,-0.34,201.9731537322924
18:34:56,1366.0,1320.0,1310.5044221726055,55.49557782739453,8.501922523156841,190.86,-0.26,198.79355835906316
18:34:56,1366.0,1320.0,1311.453979955345,54.54602004465505,8.356450270841155,191.19,-0.28,199.10192252315687
18:34:56,1366.0,1320.0,1312.3085819598105,53.691418040189546,8.225525243757039,191.57,-0.21,199.26645027084115
18:34:56,1366.0,1320.0,1313.0777237638295,52.922276236170546,8.107692719381328,191.9,-0.22,199.58552524375702
18:34:56,1366.0,1440.0,1325.7699513874466,40.230048612553446,6.163243447443188,192.17,-3.25,199.78769271938134
18:34:56,1366.0,1440.0,1337.1929562487019,28.807043751298124,4.413239102698872,192.37,-2.87,195.08324344744318
18:34:56,1366.0,1440.0,1347.4736606238316,18.52633937616838,2.838235192428996,192.48,-3.0,193.91323910269887
18:34:56,1366.0,1440.0,1356.7262945614484,9.273705438551588,1.4207316731861033,192.54,-2.52,192.31823519242897
18:34:57,1366.0,1440.0,1365.0536651053037,0.9463348946962924,0.144978505867472,192.55,-2.19,191.4407316731861
18:34:57,1366.0,1440.0,1372.5482985947733,-6.548298594773314,-1.0031993447192717,192.51,-2.04,190.50497850586748
18:34:57,1366.0,1440.0,1379.293468735296,-13.293468735296074,-2.0365594102473583,192.42,-1.77,189.46680065528074
18:34:57,1366.0,1440.0,1385.3641218617665,-19.364121861766534,-2.966583469222633,192.28,-1.51,188.61344058975263
18:34:57,1366.0,1440.0,1390.8277096755899,-24.82770967558986,-3.8036051223003664,192.11,-1.36,187.80341653077738
18:34:57,1366.0,1320.0,1383.744938708031,-17.744938708030986,-2.718524610070347,192.0,2.01,186.94639487769965
18:34:57,1366.0,1320.0,1377.370444837228,-11.370444837227978,-1.7419521490633263,191.93,1.79,191.29147538992964
18:34:57,1366.0,1320.0,1371.6334003535053,-5.633400353505294,-0.8630369341570111,191.89,1.54,191.97804785093666
18:34:57,1366.0,1320.0,1366.4700603181548,-0.4700603181547649,-0.07201324074130998,191.89,1.36,192.56696306584297
18:34:58,1366.0,1320.0,1361.8230542863394,4.176945713660643,0.6399080833328106,191.92,1.26,193.1779867592587
18:34:58,1366.0,1440.0,1369.6407488577054,-3.6407488577053755,-0.5577627250004635,191.9,-2.13,193.8199080833328
18:34:58,1366.0,1440.0,1376.6766739719349,-10.67667397193486,-1.6356664525004208,191.83,-1.85,189.21223727499955
18:34:58,1366.0,1440.0,1383.0090065747413,-17.009006574741306,-2.6057798072503684,191.71,-1.63,188.3443335474996
18:34:58,1366.0,1440.0,1388.7081059172672,-22.708105917267176,-3.478881826525331,191.55,-1.41,187.47422019274964
18:34:58,1366.0,1320.0,1381.8372953255405,-15.837295325540481,-2.426273643872802,191.46,2.01,186.66111817347468
18:34:58,1366.0,1320.0,1375.6535657929865,-9.653565792986456,-1.4789262794855251,191.39,1.55,191.0437263561272
18:34:58,1366.0,1320.0,1370.0882092136878,-4.088209213687833,-0.6263136515369759,191.37,1.61,191.46107372051446
18:34:58,1366.0,1320.0,1365.079388292319,0.9206117076810187,0.14103771361673206,191.38,1.24,192.35368634846304
18:34:59,1366.0,1320.0,1360.5714494630872,5.4285505369127804,0.831653942255038,191.41,1.32,192.76103771361673
18:34:59,1366.0,1320.0,1356.5143045167786,9.485695483221434,1.4532085480295238,191.48,1.02,193.56165394225502
18:34:59,1366.0,1320.0,1352.8628740651006,13.137125934899359,2.012607693226582,191.56,1.02,193.95320854802952
18:34:59,1366.0,1320.0,1349.5765866585907,16.423413341409287,2.5160669239039026,191.67,0.84,194.5926076932266
18:34:59,1366.0,1320.0,1346.6189279927316,19.381072007268358,2.9691802315135125,191.79,0.81,195.0260669239039
18:34:59,1366.0,1440.0,1355.9570351934585,10.042964806541477,1.5385822083621543,191.86,-2.43,195.5691802315135
18:34:59,1366.0,1440.0,1364.3613316741128,1.638668325887238,0.2510439875259249,191.87,-2.01,190.96858220836216
18:34:59,1366.0,1440.0,1371.9251985067015,-5.925198506701463,-0.9077404112266642,191.84,-2.33,190.11104398752593
18:34:59,1366.0,1440.0,1378.7326786560313,-12.73267865603134,-1.9506463701040013,191.75,-1.71,188.60225958877334
18:35:0,1366.0,1440.0,1384.8594107904282,-18.859410790428228,-2.889261733093605,191.64,-1.79,188.08935362989598
18:35:0,1366.0,1320.0,1378.3734697113855,-12.373469711385496,-1.895615559784258,191.55,1.62,186.9607382669064
18:35:0,1366.0,1320.0,1372.536122740247,-6.536122740247038,-1.0013340038058463,191.51,1.67,191.27438444021575
18:35:0,1366.0,1320.0,1367.2825104662224,-1.2825104662224476,-0.19648060342527898,191.5,1.34,192.17866599619413
18:35:0,1366.0,1320.0,1362.5542594196002,3.4457405803998427,0.5278874569172559,191.52,1.21,192.64351939657473
18:35:0,1366.0,1440.0,1370.29883347764,-4.298833477640073,-0.6585812887744592,191.49,-2.17,193.25788745691727
18:35:0,1366.0,1440.0,1377.2689501298762,-11.268950129876202,-1.7264031598970342,191.41,-1.72,188.66141871122556
18:35:0,1366.0,1440.0,1383.5420551168886,-17.542055116888605,-2.687442843907334,191.31,-1.83,187.96359684010295
18:35:0,1366.0,1440.0,1389.1878496051997,-23.187849605199744,-3.552378559516601,191.15,-1.42,186.79255715609267
18:35:1,1366.0,1440.0,1394.2690646446797,-28.269064644679702,-4.33082070356493,190.95,-1.27,186.17762144048342
18:35:1,1366.0,1440.0,1398.8421581802118,-32.842158180211754,-5.031418633208441,190.75,-1.33,185.34917929643504
18:35:1,1366.0,1440.0,1402.9579423621906,-36.95794236219058,-5.661956769887597,190.52,-1.17,184.38858136679156
18:35:1,1366.0,1440.0,1406.6621481259715,-40.6621481259715,-6.229441092898834,190.24,-0.96,183.6880432301124
18:35:1,1366.0,1440.0,1409.9959333133743,-43.99593331337428,-6.74017698360894,189.93,-0.83,183.05055890710116
18:35:1,1366.0,1440.0,1412.996339982037,-46.99633998203694,-7.19983928524806,189.65,-0.88,182.35982301639106
18:35:1,1366.0,1320.0,1403.6967059838332,-37.696705983833226,-5.775135356723251,189.39,2.34,181.57016071475195
18:35:1,1366.0,1320.0,1395.32703538545,-29.327035385450017,-4.492901821050943,189.21,2.42,185.95486464327675
18:35:1,1366.0,1320.0,1387.7943318469052,-21.794331846905152,-3.3388916389458694,189.06,1.88,187.13709817894906
18:35:1,1366.0,1320.0,1381.0148986622146,-15.014898662214591,-2.3002824750512754,188.97,1.92,187.60110836105412
18:35:2,1366.0,1320.0,1374.913408795993,-8.913408795993064,-1.3655342275461375,188.91,1.55,188.58971752494872
18:35:2,1366.0,1320.0,1369.4220679163939,-3.422067916393871,-0.524260804791541,188.89,1.54,189.09446577245387
18:35:2,1366.0,1320.0,1364.4798611247545,1.5201388752454932,0.23288527568760956,188.9,1.26,189.90573919520844
18:35:2,1366.0,1320.0,1360.031875012279,5.968124987721012,0.9143167481188591,188.94,1.13,190.3928852756876
18:35:2,1366.0,1320.0,1356.0286875110512,9.971312488948797,1.5276050733069557,189.0,1.16,190.98431674811886
18:35:2,1366.0,1440.0,1364.4258187599462,1.5741812400538038,0.24116456597624275,189.01,-2.09,191.68760507330694
18:35:2,1366.0,1440.0,1371.9832368839516,-5.983236883951577,-0.9166318906213815,188.97,-2.21,187.16116456597624
18:35:2,1366.0,1440.0,1378.7849131955566,-12.784913195556555,-1.9586487015592644,188.88,-1.69,185.84336810937862
18:35:2,1366.0,1440.0,1384.9064218760009,-18.906421876000877,-2.8964638314033344,188.75,-1.51,185.23135129844073
18:35:3,1366.0,1440.0,1390.4157796884008,-24.41577968840079,-3.740497448263001,188.6,-1.61,184.34353616859667
18:35:3,1366.0,1440.0,1395.3742017195607,-29.374201719560688,-4.500127703436697,188.39,-1.24,183.24950255173698
18:35:3,1366.0,1440.0,1399.8367815476047,-33.83678154760469,-5.183794933093038,188.19,-1.3,182.64987229656327
18:35:3,1366.0,1440.0,1403.8531033928443,-37.85310339284433,-5.799095439783752,187.92,-1.0,181.70620506690696
18:35:3,1366.0,1320.0,1395.46779305356,-29.467793053559944,-4.514465895805383,187.63,1.51,181.12090456021625
18:35:3,1366.0,1320.0,1387.921013748204,-21.921013748203904,-3.358299306224838,187.56,3.89,184.6255341041946
18:35:15,1366.0,0.0,0.04628408842315542,1365.9537159115769,209.26410927765357,9.65,0.0,0
18:35:15,1366.0,0.0,0.04165567958083988,1365.9583443204192,209.26481834988823,17.82,0.0,218.91410927765358
18:35:16,1366.0,0.0,0.03749011162275589,1365.9625098883773,209.2654565148994,27.23,0.0,227.08481834988822
18:35:16,1366.0,0.0,0.0337411004604803,1365.9662588995395,209.26603086340947,35.48,0.0,236.4954565148994
18:35:16,1366.0,0.0,0.030366990414432273,1365.9696330095856,209.26654777706852,45.13,0.0,244.74603086340946
18:35:16,1366.0,0.0,0.027330291372989046,1365.972669708627,209.26701299936167,53.3,0.0,254.39654777706852
18:35:16,1366.0,0.0,0.024597262235690143,1365.9754027377644,209.26743169942552,62.79,0.0,262.5670129993617
18:35:16,1366.0,0.0,0.02213753601212113,1365.9778624639878,209.26780852948292,70.05,0.0,272.05743169942554
18:35:16,1366.0,0.0,0.019923782410909016,1365.9800762175892,209.26814767653465,78.3,0.0,279.31780852948293
18:35:16,1366.0,0.0,0.017931404169818116,1365.9820685958302,209.2684529088812,87.79,0.0,287.56814767653464
18:35:16,1366.0,0.0,0.016138263752836304,1365.9838617362473,209.26872761799308,96.04,0.0,297.0584529088812
18:35:17,1366.0,0.0,0.014524437377552674,1365.9854755626225,209.26897485619378,105.69,0.0,305.3087276179931
18:35:17,1366.0,960.0,96.01307199363977,1269.9869280063601,194.56199737057437,113.28,-28.02,314.9589748561938
18:35:17,1366.0,960.0,182.41176479427577,1183.5882352057242,181.32571763351694,121.57,-21.53,279.8219973705744
18:35:17,1366.0,960.0,260.17058831484815,1105.8294116851519,169.41306587016527,129.38,-19.21,281.36571763351697
18:35:17,1366.0,960.0,330.1535294833633,1035.8464705166366,158.69167928314874,135.64,-20.23,279.5830658701653
18:35:17,1366.0,1920.0,489.1381765350269,876.8618234649731,134.3352313548339,141.78,-39.61,274.1016792831487
18:35:17,1366.0,1920.0,632.2243588815242,733.7756411184758,112.4144282193505,146.17,-41.77,236.50523135483388
18:35:17,1366.0,1920.0,761.0019229933716,604.9980770066284,92.68570539741546,150.45,-31.81,216.81442821935045
18:35:17,1366.0,1920.0,876.9017306940345,489.09826930596546,74.92985485767392,153.37,-33.83,211.32570539741545
18:35:18,1366.0,1920.0,981.211557624631,384.78844237536896,58.94958937190653,156.07,-25.99,194.4698548576739
18:35:18,1366.0,2160.0,1099.090401862168,266.90959813783206,40.89055043471587,157.7,-33.73,189.02958937190652
18:35:18,1366.0,2160.0,1205.1813616759512,160.81863832404883,24.637415391244282,158.81,-26.89,164.86055043471586
18:35:18,1366.0,2160.0,1300.6632255083562,65.33677449164384,10.009593852119837,159.22,-26.79,156.55741539124426
18:35:18,1366.0,2160.0,1386.5969029575206,-20.59690295752057,-3.155445533092151,159.08,-21.98,142.43959385211986
18:35:18,1366.0,1920.0,1439.9372126617686,-73.93721266176863,-11.327180979782954,158.56,-13.18,133.94455446690787
18:35:18,1366.0,1920.0,1487.9434913955918,-121.94349139559176,-18.68174288180466,157.83,-14.01,134.05281902021704
18:35:18,1366.0,1920.0,1531.1491422560325,-165.14914225603252,-25.30084859362418,156.68,-10.86,125.13825711819534
18:35:18,1366.0,1920.0,1570.0342280304294,-204.0342280304294,-31.258043734261786,155.45,-11.24,120.51915140637583
18:35:19,1366.0,1920.0,1605.0308052273865,-239.0308052273865,-36.61951936083561,153.78,-8.72,112.9519562657382
18:35:19,1366.0,1560.0,1600.5277247046479,-234.52772470464788,-35.929647424752055,152.14,1.12,108.44048063916439
18:35:19,1366.0,1560.0,1596.474952234183,-230.4749522341831,-35.30876268227685,150.75,1.17,117.33035257524793
18:35:19,1366.0,1560.0,1592.8274570107649,-226.82745701076487,-34.749966414049176,149.15,0.9,116.61123731772315
18:35:19,1366.0,1560.0,1589.5447113096884,-223.5447113096884,-34.24704977264427,147.81,0.96,115.30003358595084
18:35:19,1366.0,1200.0,1550.5902401787196,-184.59024017871957,-28.27922479537984,146.53,9.79,114.52295022735574
18:35:19,1366.0,1200.0,1515.5312161608476,-149.53121616084763,-22.90818231584186,145.59,9.74,128.04077520462016
18:35:19,1366.0,1200.0,1483.9780945447628,-117.97809454476283,-18.074244084257664,144.81,8.29,132.42181768415816
18:35:19,1366.0,1200.0,1455.5802850902867,-89.58028509028668,-13.72369967583192,144.27,8.21,135.02575591574234
18:35:20,1366.0,1200.0,1430.022256581258,-64.02225658125803,-9.80820970824873,143.82,6.37,138.7563003241681
18:35:20,1366.0,840.0,1371.0200309231323,-5.0200309231322535,-0.7690687374238613,143.78,14.57,140.38179029175126
18:35:20,1366.0,840.0,1317.918027830819,48.08197216918097,7.366158136318525,144.07,15.5,157.58093126257614
18:35:20,1366.0,840.0,1270.126225047737,95.87377495226292,14.68786232268668,144.68,13.15,166.9361581363185
18:35:20,1366.0,840.0,1227.1136025429635,138.88639745703654,21.277396090417998,145.61,11.2,172.51786232268668
18:35:20,1366.0,840.0,1188.4022422886671,177.59775771133286,27.207976481376196,146.87,9.56,178.087396090418
18:35:20,1366.0,720.0,1141.5620180598005,224.4379819401995,34.38389883323857,148.21,13.67,183.6379764813762
18:35:20,1366.0,720.0,1099.4058162538204,266.5941837461796,40.84222894991472,150.08,10.5,196.26389883323856
18:35:20,1366.0,720.0,1061.4652346284383,304.53476537156166,46.654726054923245,151.94,10.86,201.42222894991474
18:35:21,1366.0,720.0,1027.3187111655946,338.68128883440545,51.885973449430914,154.31,8.51,209.45472605492324
18:35:21,1366.0,840.0,1008.5868400490351,357.4131599509649,54.75569610448782,156.51,5.31,214.7059734494309
18:35:21,1366.0,840.0,991.7281560441317,374.27184395586835,57.33844649403903,159.02,4.39,216.5756961044878
18:35:21,1366.0,840.0,976.5553404397185,389.4446595602815,59.66292184463512,161.47,4.22,220.74844649403903
18:35:21,1366.0,840.0,962.8998063957467,403.10019360425326,61.754949660171604,164.2,3.52,225.35292184463512
18:35:21,1366.0,840.0,950.6098257561721,415.3901742438279,63.63777469415444,166.83,3.38,229.4749496601716
18:35:21,1366.0,1200.0,975.5488431805549,390.45115681944515,59.817117224739,169.45,-6.49,233.84777469415445
18:35:21,1366.0,1200.0,997.9939588624994,368.0060411375006,56.37852550226509,172.05,-5.54,222.777117224739
18:35:21,1366.0,1200.0,1018.1945629762495,347.8054370237505,53.28379295203858,174.28,-5.51,222.8885255022651
18:35:22,1366.0,1200.0,1036.3751066786244,329.62489332137557,50.49853365683474,176.41,-4.91,222.05379295203858
18:35:22,1366.0,1560.0,1088.737596010762,277.262403989238,42.476600291151264,178.37,-12.93,221.99853365683472
18:35:22,1366.0,1560.0,1135.8638364096857,230.13616359031425,35.25686026203614,179.75,-13.76,207.91660029115127
18:35:22,1366.0,1560.0,1178.2774527687172,187.72254723128276,28.75909423583252,181.1,-10.3,201.24686026203614
18:35:22,1366.0,1560.0,1216.4497074918456,149.55029250815437,22.91110481224925,181.97,-11.49,199.5590942358325
18:35:22,1366.0,1680.0,1262.8047367426611,103.19526325733887,15.809514331024314,183.05,-7.74,193.39110481224924
18:35:22,1366.0,1680.0,1304.5242630683952,61.47573693160484,9.418082897921861,183.24,-24.11,191.1195143310243
18:35:22,1366.0,1680.0,1342.0718367615557,23.928163238444313,3.665794608129669,183.4,-9.86,168.54808289792186
18:35:22,1366.0,1680.0,1375.8646530854,-9.86465308540005,-1.5112648526832877,183.33,-8.42,177.20579460812968
18:35:22,1366.0,1680.0,1406.27818777686,-40.27818777686002,-6.1706183674149555,183.09,-8.79,173.39873514731673
18:35:23,1366.0,1560.0,1421.6503689991741,-55.650368999174134,-8.525636530673477,182.7,-3.83,168.12938163258505
18:35:23,1366.0,1560.0,1435.4853320992568,-69.48533209925677,-10.645152877606137,182.28,-4.04,170.3443634693265
18:35:23,1366.0,1560.0,1447.9367988893312,-81.93679888933116,-12.552717589845534,181.77,-3.49,167.59484712239387
18:35:23,1366.0,1560.0,1459.143119000398,-93.14311900039797,-14.26952583086097,181.15,-2.92,165.72728241015446
18:35:23,1366.0,1560.0,1469.2288071003582,-103.22880710035815,-15.814653247774869,180.45,-2.6,163.96047416913905
18:35:23,1366.0,1440.0,1466.3059263903224,-100.30592639032238,-15.36686792299739,179.81,0.8,162.03534675222514
18:35:23,1366.0,1440.0,1463.6753337512903,-97.67533375129028,-14.963861130697671,179.13,0.66,165.24313207700263
18:35:23,1366.0,1440.0,1461.3078003761614,-95.30780037616137,-14.601155017627923,178.54,0.67,164.82613886930233
18:35:23,1366.0,1440.0,1459.1770203385452,-93.17702033854516,-14.274719515865119,177.94,0.58,164.60884498237206
18:35:24,1366.0,1440.0,1457.2593183046906,-91.25931830469062,-13.980927564278604,177.59,0.87,164.2452804841349
18:35:24,1366.0,1320.0,1443.5333864742215,-77.53338647422152,-11.878114807850736,177.07,3.54,164.4790724357214
18:35:24,1366.0,1320.0,1431.1800478267994,-65.18004782679941,-9.985583327065669,176.61,3.05,168.73188519214924
18:35:24,1366.0,1320.0,1420.0620430441195,-54.06204304411949,-8.282304994359107,176.28,3.21,169.67441667293434
18:35:24,1366.0,1320.0,1410.0558387397075,-44.0558387397075,-6.749354494923189,175.97,2.49,171.20769500564091
18:35:24,1366.0,1200.0,1389.0502548657369,-23.05025486573686,-3.5312990454308872,175.83,5.84,171.71064550507683
18:35:24,1366.0,1200.0,1370.1452293791633,-4.145229379163311,-0.6350491408878193,175.8,4.88,178.13870095456912
18:35:24,1366.0,1200.0,1353.130706441247,12.869293558753043,1.9715757732009662,175.89,4.24,180.0449508591122
18:35:24,1366.0,1200.0,1337.8176357971222,28.182364202877807,4.31753819588088,176.06,4.43,182.10157577320095
18:35:25,1366.0,1200.0,1324.03587221741,41.96412778258991,6.428904376292775,176.35,3.43,184.80753819588088
18:35:25,1366.0,1200.0,1311.6322849956691,54.367715004330876,8.32913393866349,176.68,3.62,186.20890437629276
18:35:25,1366.0,1200.0,1300.4690564961022,65.53094350389779,10.039340544797142,177.14,2.78,188.6291339386635
18:35:25,1366.0,1200.0,1290.422150846492,75.57784915350794,11.578526490317417,177.6,2.9,189.95934054479713
18:35:25,1366.0,1200.0,1281.379935761843,84.62006423815706,12.96379384128566,178.19,2.25,192.07852649031742
18:35:25,1366.0,1320.0,1285.2419421856587,80.75805781434133,12.372134457157092,178.7,-1.06,193.40379384128565
18:35:25,1366.0,1320.0,1288.717747967093,77.28225203290708,11.839641011441365,179.22,-0.9,190.0121344571571
18:35:25,1366.0,1320.0,1291.8459731703836,74.15402682961644,11.360396910297238,179.74,-0.77,190.15964101144135
18:35:25,1366.0,1320.0,1294.6613758533451,71.33862414665487,10.929077219267526,180.16,-0.83,190.33039691029722
18:35:26,1366.0,1320.0,1297.1952382680106,68.8047617319894,10.540889497340777,180.64,-0.64,190.2590772192675
18:35:26,1366.0,1320.0,1299.4757144412097,66.52428555879033,10.191520547606679,181.04,-0.67,190.54088949734077
18:35:26,1366.0,1320.0,1301.5281429970887,64.47185700291129,9.87708849284601,181.5,-0.51,190.56152054760668
18:35:26,1366.0,1320.0,1303.37532869738,62.62467130262007,9.594099643561396,181.87,-0.54,190.86708849284602
18:35:26,1366.0,1320.0,1305.037795827642,60.96220417235804,9.339409679205252,182.29,-0.42,190.92409964356142
18:35:26,1366.0,1320.0,1306.5340162448779,59.465983755122124,9.11018871128471,182.71,-0.37,191.20940967920527
18:35:26,1366.0,1440.0,1319.8806146203901,46.11938537960987,7.065489840156232,182.99,-3.9,191.4501887112847
18:35:26,1366.0,1440.0,1331.8925531583511,34.10744684164888,5.225260856140609,183.23,-2.99,186.15548984015624
18:35:26,1366.0,1440.0,1342.7032978425161,23.296702157483878,3.56905477052653,183.37,-3.12,185.4652608561406
18:35:27,1366.0,1440.0,1352.4329680582646,13.567031941735422,2.0784692934738667,183.46,-2.65,183.81905477052652
18:35:27,1366.0,1440.0,1361.189671252438,4.810328747561925,0.736942364126487,183.49,-2.26,182.88846929347386
18:35:27,1366.0,1440.0,1369.0707041271944,-3.0707041271944036,-0.4704318722861826,183.47,-1.98,181.9669423641265
18:35:27,1366.0,1440.0,1376.163633714475,-10.163633714475054,-1.5570686850575783,183.4,-1.77,181.01956812771382
18:35:27,1366.0,1440.0,1382.5472703430275,-16.54727034302755,-2.5350418165518205,183.3,-1.86,180.07293131494242
18:35:27,1366.0,1440.0,1388.2925433087248,-22.292543308724817,-3.415217634896642,183.15,-1.44,178.90495818344817
18:35:27,1366.0,1320.0,1381.4632889778525,-15.463288977852471,-2.368975871406999,183.06,1.99,178.29478236510337
18:35:27,1366.0,1320.0,1375.3169600800672,-9.316960080067247,-1.4273582842663022,182.99,1.52,182.681024128593
18:35:27,1366.0,1320.0,1369.7852640720605,-3.7852640720604995,-0.5799024558396685,182.97,1.58,183.08264171573373
18:35:28,1366.0,1320.0,1364.8067376648544,1.1932623351456186,0.18280778974430878,182.98,1.26,183.97009754416035
18:35:28,1366.0,1320.0,1360.326063898369,5.673936101630943,0.8692470107698606,183.01,1.32,184.4228077897443
18:35:28,1366.0,1320.0,1356.2934575085321,9.706542491467872,1.487042309692878,183.08,1.0,185.19924701076985
18:35:28,1366.0,1320.0,1352.664111757679,13.335888242321062,2.0430580787235866,183.17,0.91,185.56704230969288
18:35:28,1366.0,1320.0,1349.397700581911,16.602299418088933,2.5434722708512245,183.27,0.94,186.12305807872357
18:35:28,1366.0,1320.0,1346.45793052372,19.54206947627995,2.993845043766088,183.41,0.73,186.75347227085123
18:35:28,1366.0,1200.0,1331.812137471348,34.187862528651976,5.237580539389483,183.61,4.28,187.1338450437661
18:35:28,1366.0,1200.0,1318.6309237242133,47.36907627578671,7.256942485450524,183.94,3.31,193.1275805393895
18:35:28,1366.0,1200.0,1306.767831351792,59.23216864820802,9.074368236905467,184.31,3.3,194.50694248545054
18:35:29,1366.0,1200.0,1296.0910482166128,69.90895178338724,10.710051413214925,184.78,2.78,196.68436823690547
18:35:29,1366.0,1200.0,1286.4819433949515,79.51805660504851,12.182166271893433,185.26,2.81,198.27005141321493
18:35:29,1366.0,1200.0,1277.8337490554563,88.16625094454366,13.507069644704089,185.87,2.17,200.25216627189343
18:35:29,1366.0,1200.0,1270.0503741499108,95.9496258500892,14.699482680233666,186.48,2.14,201.54706964470407
18:35:29,1366.0,1200.0,1263.0453367349198,102.95466326508017,15.772654412210283,187.17,1.82,203.31948268023365
18:35:29,1366.0,1200.0,1256.7408030614279,109.25919693857213,16.73850897098925,187.94,1.57,204.76265441221025
18:35:29,1366.0,1440.0,1275.0667227552851,90.93327724471487,13.93097807389032,188.49,-5.3,206.24850897098923
18:35:29,1366.0,1440.0,1291.5600504797567,74.43994952024332,11.404200266501276,189.01,-4.11,197.1209780738903
18:35:29,1366.0,1440.0,1306.404045431781,59.595954568218986,9.13010023985115,189.36,-4.38,196.30420026650125
18:35:29,1366.0,1440.0,1319.763640888603,46.23635911139695,7.083410215866013,189.68,-3.33,194.11010023985116
18:35:30,1366.0,1440.0,1331.7872767997428,34.21272320025719,5.241389194279401,189.92,-2.97,193.43341021586602
18:35:30,1366.0,1560.0,1354.6085491197687,11.391450880231332,1.7451702748514402,189.99,-6.66,192.1913891942794
18:35:30,1366.0,1560.0,1375.1476942077918,-9.147694207791801,-1.4014267526337039,189.93,-5.76,185.07517027485144
18:35:30,1366.0,1560.0,1393.6329247870126,-27.6329247870126,-4.2333640773703305,189.75,-4.86,182.7685732473663
18:35:30,1366.0,1560.0,1410.2696323083114,-44.26963230831143,-6.782107669633311,189.44,-4.11,180.65663592262965
18:35:30,1366.0,1440.0,1413.2426690774803,-47.242669077480286,-7.23757690266998,189.15,-0.86,178.54789233036666
18:35:30,1366.0,1440.0,1415.9184021697322,-49.91840216973219,-7.6474992124029715,188.8,-0.67,181.05242309733
18:35:30,1366.0,1440.0,1418.326561952759,-52.32656195275899,-8.016429291162678,188.43,-0.59,180.48250078759705
18:35:30,1366.0,1440.0,1420.4939057574832,-54.49390575748316,-8.348466362046421,188.1,-0.63,179.82357070883734
18:35:31,1366.0,1440.0,1422.444515181735,-56.444515181734914,-8.647299725841789,187.71,-0.49,179.12153363795358
18:35:31,1366.0,1440.0,1424.2000636635614,-58.20006366356142,-8.91624975325761,187.36,-0.51,178.57270027415822
18:35:31,1366.0,1440.0,1425.7800572972053,-59.7800572972053,-9.158304777931853,186.94,-0.39,177.93375024674242
18:35:31,1366.0,1440.0,1427.202051567485,-61.20205156748489,-9.376154300138685,186.57,-0.42,177.39169522206817
18:35:31,1366.0,1440.0,1428.4818464107364,-62.48184641073635,-9.572218870124809,186.13,-0.32,176.7738456998613
18:35:31,1366.0,1320.0,1417.6336617696627,-51.633661769662694,-7.9102769831123245,185.81,3.07,176.2377811298752
18:35:31,1366.0,1320.0,1407.8702955926965,-41.87029559269649,-6.414529284801103,185.52,2.48,180.96972301688768
18:35:31,1366.0,1320.0,1399.083266033427,-33.08326603342698,-5.068356356321013,185.32,2.57,181.5854707151989
18:35:31,1366.0,1320.0,1391.1749394300844,-25.17493943008435,-3.8568007206889225,185.14,1.97,182.82164364367898
18:35:32,1366.0,1320.0,1384.057445487076,-18.057445487075938,-2.7664006486200337,185.03,2.0,183.25319927931108
18:35:32,1366.0,1320.0,1377.6517009383683,-11.651700938368322,-1.785040583758027,184.95,1.62,184.26359935137998
18:35:32,1366.0,1320.0,1371.8865308445315,-5.886530844531535,-0.9018165253822312,184.91,1.45,184.78495941624197
18:35:32,1366.0,1320.0,1366.6978777600784,-0.697877760078427,-0.106914872844015,184.91,1.51,185.45818347461775
18:35:32,1366.0,1320.0,1362.0280899840707,3.971910015929325,0.6084966144403726,184.94,1.15,186.31308512715597
18:35:32,1366.0,1320.0,1357.8252809856635,8.17471901433646,1.2523669529963457,184.99,1.23,186.6984966144404
18:35:32,1366.0,1320.0,1354.0427528870973,11.957247112902678,1.8318502576966904,185.07,0.94,187.47236695299634
18:35:32,1366.0,1320.0,1350.6384775983877,15.36152240161232,2.353385231927007,185.16,0.97,187.84185025769668
18:35:32,1366.0,1320.0,1347.5746298385488,18.425370161451156,2.822766708734317,185.29,0.77,188.483385231927
18:35:33,1366.0,1320.0,1344.817166854694,21.18283314530595,3.2452100378608715,185.44,0.69,188.88276670873432
18:35:33,1366.0,1320.0,1342.3354501692247,23.664549830775286,3.625409034074774,185.58,0.72,189.37521003786085
18:35:33,1366.0,1320.0,1340.1019051523024,25.89809484769762,3.967588130667276,185.76,0.56,189.9254090340748
18:35:33,1366.0,1320.0,1338.091714637072,27.908285362927927,4.275549317600558,185.93,0.58,190.28758813066727
18:35:33,1366.0,1320.0,1336.282543173365,29.717456826635043,4.552714385840488,186.14,0.45,190.78554931760058
18:35:33,1366.0,1320.0,1334.6542888560284,31.345711143971585,4.802162947256447,186.33,0.47,191.14271438584046
18:35:33,1366.0,1320.0,1333.1888599704257,32.81114002957429,5.026666652530781,186.56,0.37,191.60216294725646
18:35:33,1366.0,1320.0,1331.8699739733831,34.13002602661686,5.228719987277703,186.76,0.39,191.9566666525308
18:35:33,1366.0,1320.0,1330.682976576045,35.317023423955106,5.410567988549922,187.0,0.3,192.3787199872777
18:35:34,1366.0,1320.0,1329.6146789184404,36.385321081559596,5.57423118969493,187.26,0.26,192.71056798854994
18:35:34,1366.0,1320.0,1328.6532110265964,37.34678897340359,5.72152807072543,187.48,0.28,193.0942311896949
18:35:34,1366.0,1320.0,1327.7878899239367,38.212110076063254,5.854095263652891,187.75,0.22,193.48152807072543
18:35:34,1366.0,1320.0,1327.0091009315431,38.99089906845688,5.973405737287595,187.98,0.23,193.82409526365288
18:35:34,1366.0,1320.0,1326.3081908383888,39.69180916161122,6.080785163558839,188.26,0.17,194.1834057372876
18:35:34,1366.0,1320.0,1325.67737175455,40.322628245450005,6.177426647202941,188.5,0.18,194.5107851635588
18:35:34,1366.0,1320.0,1325.109634579095,40.89036542090503,6.2644039824826505,188.78,0.14,194.85742664720294
18:35:34,1366.0,1320.0,1324.5986711211856,41.40132887881441,6.342683584234368,189.07,0.13,195.18440398248265
18:35:34,1366.0,1320.0,1324.1388040090671,41.861195990932856,6.4131352258109136,189.32,0.13,195.54268358423437
18:35:35,1366.0,1320.0,1323.7249236081605,42.27507639183955,6.4765417032298185,189.61,0.1,195.8631352258109
18:35:35,1366.0,1320.0,1323.3524312473444,42.647568752655616,6.53360753290684,189.87,0.11,196.18654170322984
18:35:35,1366.0,1440.0,1335.01718812261,30.982811877390077,4.74656677961616,190.09,-2.91,196.51360753290686
18:35:35,1366.0,1440.0,1345.5154693103489,20.484530689651137,3.138230101654554,190.21,-3.03,191.92656677961617
18:35:35,1366.0,1440.0,1354.963922379314,11.036077620686001,1.6907270914890953,190.29,-2.37,190.31823010165456
18:35:35,1366.0,1440.0,1363.4675301413827,2.5324698586173326,0.3879743823401754,190.31,-2.12,189.61072709148908
18:35:35,1366.0,1320.0,1359.1207771272445,6.879222872755463,1.053896944106137,190.35,1.27,188.5779743823402
18:35:35,1366.0,1320.0,1355.2086994145202,10.791300585479803,1.6532272496955058,190.42,0.98,192.67389694410613
18:35:35,1366.0,1320.0,1351.6878294730682,14.312170526931823,2.1926245247259555,190.51,1.03,193.05322724969548
18:35:36,1366.0,1320.0,1348.5190465257615,17.480953474238504,2.6780820722533387,190.63,0.78,193.73262452472594
18:35:36,1366.0,1320.0,1345.6671418731853,20.3328581268147,3.114993865028012,190.75,0.83,194.08808207225334
18:35:36,1366.0,1320.0,1343.1004276858669,22.899572314133138,3.508214478525197,190.9,0.69,194.694993865028
18:35:36,1366.0,1320.0,1340.79038491728,25.209615082719893,3.8621130306726874,191.07,0.61,195.0982144785252
18:35:36,1366.0,1320.0,1338.7113464255522,27.288653574447835,4.180621727605408,191.26,0.52,195.54211303067268
18:35:36,1366.0,1320.0,1336.840211782997,29.159788217003097,4.4672795548448745,191.46,0.47,195.9606217276054
18:35:36,1366.0,1320.0,1335.1561906046973,30.843809395302742,4.72527159936038,191.64,0.49,196.39727955484489
18:35:36,1366.0,1320.0,1333.6405715442277,32.35942845577233,4.957464439424322,191.87,0.37,196.85527159936038
18:35:36,1366.0,1320.0,1332.276514389805,33.723485610194984,5.166437995481871,192.07,0.4,197.19746443942432
18:35:36,1366.0,1320.0,1331.0488629508245,34.951137049175486,5.354514195933684,192.31,0.31,197.63643799548188
18:35:37,1366.0,1320.0,1329.943976655742,36.05602334425794,5.523782776340316,192.53,0.32,197.9745141959337
18:35:37,1366.0,1440.0,1340.949578990168,25.050421009832007,3.8377244987062635,192.71,-2.74,198.3737827763403
18:35:37,1366.0,1440.0,1350.8546210911513,15.14537890884867,2.320272048835616,192.8,-2.81,193.80772449870625
18:35:37,1366.0,1440.0,1359.7691589820363,6.230841017963712,0.9545648439520407,192.84,-2.28,192.31027204883563
18:35:37,1366.0,1440.0,1367.7922430838328,-1.7922430838327728,-0.2745716404431808,192.83,-2.23,191.51456484395203
18:35:37,1366.0,1440.0,1375.0130187754496,-9.01301877544961,-1.3807944763988802,192.77,-1.86,190.32542835955684
18:35:37,1366.0,1440.0,1381.5117168979048,-15.511716897904762,-2.3763950287590094,192.66,-1.63,189.52920552360112
18:35:37,1366.0,1440.0,1387.3605452081142,-21.360545208114218,-3.272435525883098,192.53,-1.69,188.65360497124098
18:35:37,1366.0,1440.0,1392.6244906873028,-26.624490687302796,-4.078871973294788,192.34,-1.3,187.5675644741169
18:35:38,1366.0,1440.0,1397.3620416185724,-31.362041618572448,-4.804664775965299,192.15,-1.37,186.9611280267052
18:35:38,1366.0,1440.0,1401.6258374567153,-35.62583745671532,-5.457878298368787,191.9,-1.07,185.9753352240347
18:35:38,1366.0,1440.0,1405.4632537110438,-39.46325371104376,-6.045770468531905,191.62,-0.95,185.37212170163122
18:35:38,1366.0,1440.0,1408.9169283399394,-42.91692833993943,-6.5748734216787215,191.36,-1.0,184.6242295314681
18:35:38,1366.0,1440.0,1412.0252355059456,-46.0252355059456,-7.051066079510866,191.04,-0.78,183.7851265783213
18:35:38,1366.0,1440.0,1414.822711955351,-48.822711955351,-7.479639471559773,190.74,-0.8,183.20893392048913
18:35:38,1366.0,1320.0,1405.340440759816,-39.34044075981592,-6.026955524403799,190.47,2.4,182.46036052844022
18:35:38,1366.0,1320.0,1396.8063966838345,-30.806396683834464,-4.71953997196344,190.29,2.49,186.8430444755962
18:35:38,1366.0,1320.0,1389.125757015451,-23.125757015450972,-3.542865974767089,190.13,1.91,188.06046002803657
18:35:39,1366.0,1320.0,1382.2131813139058,-16.213181313905807,-2.4838593772903694,190.02,1.71,188.4971340252329
18:35:39,1366.0,1440.0,1387.9918631825153,-21.991863182515317,-3.3691534395613467,189.89,-1.69,189.24614062270965
18:35:39,1366.0,1440.0,1393.1926768642638,-27.19267686426383,-4.165918095605219,189.72,-1.43,184.83084656043863
18:35:39,1366.0,1440.0,1397.8734091778374,-31.873409177837402,-4.88300628604469,189.51,-1.22,184.12408190439479
18:35:39,1366.0,1440.0,1402.0860682600537,-36.08606826005371,-5.528385657440228,189.25,-1.04,183.4069937139553
18:35:39,1366.0,1440.0,1405.8774614340484,-39.87746143404843,-6.109227091696219,189.01,-1.11,182.68161434255978
18:35:39,1366.0,1320.0,1397.2897152906437,-31.2897152906437,-4.793584382526615,188.79,2.16,181.79077290830375
18:35:39,1366.0,1320.0,1389.5607437615793,-23.56074376157926,-3.609505944273943,188.65,2.23,186.15641561747339
18:35:39,1366.0,1320.0,1382.6046693854214,-16.604669385421403,-2.543835349846559,188.53,1.72,187.27049405572606
18:35:40,1366.0,1320.0,1376.3442024468793,-10.344202446879308,-1.58473181486191,188.47,1.74,187.70616465015345
18:35:40,1366.0,1320.0,1370.7097822021915,-4.709782202191491,-0.7215386333757364,188.44,1.47,188.6252681851381
18:35:40,1366.0,1320.0,1365.6388039819724,0.3611960180276128,0.05533522996183028,188.44,1.25,189.18846136662427
18:35:40,1366.0,1320.0,1361.0749235837752,4.925076416224783,0.7545217069656368,188.47,1.33,189.74533522996182
18:35:40,1366.0,1320.0,1356.9674312253978,9.032568774602169,1.3837895362690522,188.53,1.14,190.55452170696566
18:35:40,1366.0,1320.0,1353.270688102858,12.729311897141997,1.950130582642154,188.61,0.97,191.05378953626905
18:35:40,1366.0,1320.0,1349.9436192925723,16.056380707427707,2.4598375243779245,188.85,0.4,191.53013058264216
18:35:40,1366.0,1320.0,1346.9492573633152,19.050742636684845,2.9185737719401184,188.95,0.97,191.70983752437792
18:35:41,1366.0,1320.0,1344.2543316269837,21.745668373016315,3.3314363947460994,189.08,0.79,192.8385737719401
18:35:41,1366.0,1320.0,1341.8288984642854,24.17110153571457,3.7030127552714722,189.25,0.61,193.2014363947461
18:35:41,1366.0,1320.0,1339.646008617857,26.353991382143022,4.037431479744311,189.43,0.54,193.56301275527147
18:35:41,1366.0,1320.0,1337.6814077560714,28.318592243928606,4.3384083317698625,189.6,0.57,194.0074314797443
18:35:41,1366.0,1320.0,1335.9132669804642,30.086733019535814,4.609287498592887,189.81,0.45,194.50840833176986
18:35:41,1366.0,1320.0,1334.3219402824177,31.6780597175823,4.8530787487336084,190.0,0.46,194.86928749859288
18:35:41,1366.0,1320.0,1332.8897462541759,33.11025374582414,5.072490873860258,190.23,0.35,195.3130787487336
18:35:41,1366.0,1320.0,1331.6007716287584,34.399228371241634,5.2699617864742185,190.44,0.38,195.65249087386024
18:35:41,1366.0,1320.0,1330.4406944658826,35.55930553411736,5.447685607826779,190.86,0.17,196.08996178647422
18:35:42,1366.0,1320.0,1329.3966250192943,36.60337498070567,5.607637047044109,190.91,1.31,196.47768560782677
18:35:42,1366.0,1320.0,1328.456962517365,37.5430374826351,5.751593342339698,191.16,0.25,197.8276370470441
18:35:42,1366.0,1440.0,1339.6112662656285,26.3887337343715,4.042754008105714,191.34,-2.78,197.1615933423397
18:35:42,1366.0,1440.0,1349.6501396390656,16.349860360934372,2.504798607295146,191.44,-2.9,192.6027540081057
18:35:42,1366.0,1440.0,1358.685125675159,7.314874324840957,1.1206387465656347,191.49,-2.25,191.04479860729515
18:35:42,1366.0,1440.0,1366.8166131076432,-0.8166131076432066,-0.12510512809093927,191.49,-2.37,190.36063874656566
18:35:42,1366.0,1320.0,1362.134951796879,3.8650482031209776,0.5921253847181338,191.52,1.17,188.99489487190905
18:35:42,1366.0,1320.0,1357.921456617191,8.078543382808903,1.237632846246324,191.58,1.04,193.28212538471814
18:35:42,1366.0,1320.0,1354.129310955472,11.870689044528035,1.818589561621695,191.65,1.1,193.85763284624633
18:35:43,1366.0,1320.0,1350.7163798599247,15.2836201400753,2.341450605459536,191.76,0.85,194.5685895616217
18:35:43,1366.0,1320.0,1347.6447418739322,18.355258126067838,2.8120255449135927,191.87,0.89,194.9514506054595
18:35:43,1366.0,1320.0,1344.880267686539,21.1197323134611,3.2355429904222404,192.01,0.75,195.57202554491357
18:35:43,1366.0,1320.0,1342.3922409178851,23.607759082114853,3.6167086913799955,192.17,0.65,195.99554299042222
18:35:43,1366.0,1320.0,1340.1530168260967,25.846983173903254,3.9597578222419787,192.35,0.55,196.43670869137998
18:35:43,1366.0,1320.0,1338.1377151434872,27.862284856512815,4.268502040017763,192.52,0.58,196.859757822242
18:35:43,1366.0,1320.0,1336.3239436291385,29.676056370861488,4.54637183601598,192.73,0.46,197.36850204001777
18:35:43,1366.0,1320.0,1334.6915492662247,31.308450733775317,4.796454652414378,192.92,0.47,197.736371836016
18:35:43,1366.0,1320.0,1333.2223943396023,32.77760566039774,5.021529187172934,193.15,0.37,198.18645465241437
18:35:43,1366.0,1320.0,1331.900154905642,34.09984509435799,5.224096268455644,193.38,0.34,198.54152918717296
18:35:44,1366.0,1320.0,1330.710139415078,35.28986058492205,5.406406641610059,193.59,0.34,198.94409626845564
18:35:44,1366.0,1440.0,1341.6391254735702,24.360874526429825,3.7320859774490494,193.76,-2.7,199.33640664161007
18:35:44,1366.0,1440.0,1351.475212926213,14.52478707378691,2.225197379704155,193.85,-2.81,194.79208597744906
18:35:44,1366.0,1440.0,1360.3276916335917,5.672308366408288,0.8689976417337497,193.89,-2.24,193.26519737970415
18:35:44,1366.0,1440.0,1368.2949224702327,-2.2949224702326774,-0.3515821224396462,193.88,-2.28,192.51899764173373
18:35:44,1366.0,1440.0,1375.4654302232095,-9.465430223209523,-1.450103910195699,193.81,-1.8,191.24841787756034
